{
    "q_liq": [
        1.0,
        9.142857142857142,
        17.285714285714285,
        25.428571428571427,
        33.57142857142857,
        41.71428571428571,
        49.857142857142854,
        58.0,
        66.14285714285714,
        74.28571428571428,
        82.42857142857142,
        90.57142857142857,
        98.71428571428571,
        106.85714285714285,
        115.0,
        123.14285714285714,
        131.28571428571428,
        139.42857142857142,
        147.57142857142856,
        155.7142857142857,
        163.85714285714283,
        172.0,
        180.14285714285714,
        188.28571428571428,
        196.42857142857142,
        204.57142857142856,
        212.7142857142857,
        220.85714285714283,
        229.0,
        237.14285714285714,
        245.28571428571428,
        253.42857142857142,
        261.57142857142856,
        269.7142857142857,
        277.85714285714283,
        286.0,
        294.1428571428571,
        302.2857142857143,
        310.4285714285714,
        318.57142857142856,
        326.71428571428567,
        334.85714285714283,
        343.0,
        351.1428571428571,
        359.2857142857143,
        367.4285714285714,
        375.57142857142856,
        383.71428571428567,
        391.85714285714283,
        400.0
    ],
    "p_wf": [
        391.8816536367232,
        391.8801615274705,
        391.8747906368999,
        391.8675852990542,
        391.85839112719646,
        391.8470737966547,
        391.8336565621596,
        391.8181554009267,
        391.8005815946971,
        391.7809434739876,
        391.75924740729806,
        391.7354983994928,
        391.7097004734585,
        391.6818569241009,
        391.6519704933811,
        391.62004349451263,
        391.58607790230315,
        391.55007542029466,
        391.5120375316055,
        391.4719655380681,
        391.4298605908011,
        391.38572371441,
        391.33955582636594,
        391.2913577526937,
        391.241130240793,
        391.18887397001475,
        391.1345895604507,
        391.07827758029975,
        391.0199385520785,
        390.95957295789583,
        390.8971812439567,
        390.8327638244292,
        390.7663210847838,
        390.69785338469165,
        390.62736106054433,
        390.5548444276688,
        390.48030378226406,
        390.40373940311605,
        390.3251515531122,
        390.2445404805885,
        390.16190642052976,
        390.0772495956435,
        389.99057021731807,
        389.9018684864924,
        389.8111445944305,
        389.7183987234296,
        389.62363104745384,
        389.526841732719,
        389.4280309382142,
        389.32719881618584
    ]
}